{
  "selected_model": "xgboost",
  "metrics": {
    "accuracy": 0.7444444444444445,
    "precision": 0.7894736842105263,
    "recall": 0.8955223880597015,
    "f1": 0.8391608391608392,
    "roc_auc": 0.7222582738481504
  },
  "comparison": {
    "random_forest": {
      "accuracy": 0.7111111111111111,
      "precision": 0.8253968253968254,
      "recall": 0.7761194029850746,
      "f1": 0.8,
      "roc_auc": 0.7248539909149903
    },
    "xgboost": {
      "accuracy": 0.7444444444444445,
      "precision": 0.7894736842105263,
      "recall": 0.8955223880597015,
      "f1": 0.8391608391608392,
      "roc_auc": 0.7222582738481504
    }
  },
  "training_samples": 450,
  "positive_rate": 0.7422222222222222
}